Datu kopa,Iestāde,Pievienots,Atjaunots,Atjaunošanas biežums
Oficiālā elektroniskā adrese (e-adrese),Valsts digitālās attīstības aģentūra,2019-10-01,2026-04-20,pastāvīgi
Tiesību aktu veidi,Valsts kanceleja,2021-10-12,2026-04-20,katru dienu
Statistika par Latvija.gov.lv e-pakalpojumiem,Valsts digitālās attīstības aģentūra,2020-04-09,2026-04-20,citi
TVP tīmekļvietņu saturs,Valsts kanceleja,2020-05-08,2026-04-20,katru dienu
Eiropas Savienības fondu 14-20 perioda līdzfinansētie projekti,Centrālā finanšu un līgumu aģentūra,2018-02-07,2026-04-19,katru dienu
Vakances,Nodarbinātības Valsts Aģentūra,2020-03-23,2026-04-19,katru dienu
Publisko personu un iestāžu saraksts,LR Uzņēmumu reģistrs,2018-06-12,2026-04-19,katru dienu
Iepirkumu rezultāti (e-konkursi),Valsts digitālās attīstības aģentūra,2019-07-19,2026-04-19,katru dienu
Iepirkumu grozījumi (e-konkursi),Valsts digitālās attīstības aģentūra,2019-07-19,2026-04-19,katru dienu
Izsludinātie iepirkumi (e-konkursi),Valsts digitālās attīstības aģentūra,2019-04-12,2026-04-19,katru dienu
Piegāžu datu grupa,Valsts digitālās attīstības aģentūra,2018-10-11,2026-04-19,katru dienu
Pasūtītāju datu grupa,Valsts digitālās attīstības aģentūra,2018-10-11,2026-04-19,katru dienu
Informācija par Saeimas sēdēm,Latvijas Republikas Saeima,2018-09-27,2026-04-19,reizi nedēļā
Kadastra informācijas sistēmas atvērtie telpiskie dati,Valsts zemes dienests,2021-12-29,2026-04-18,reizi nedēļā
Iesniegumi par iepirkumu procedūru pārkāpumiem - ceturkšņi,Iepirkumu uzraudzības birojs,2018-09-25,2026-04-15,reizi trīs mēnešos
"Valsts budžeta izpilde pa iestādēm, budžeta programmām/apakšprogrammām un...",Valsts kase,2020-12-08,2026-04-13,reizi mēnesī
Valsts budžeta iestāžu izdevumi atlīdzībai,Valsts kase,2025-02-10,2026-04-13,reizi mēnesī
Valsts pamatbudžeta un speciālā budžeta ieņēmumi,Valsts kase,2024-05-29,2026-04-13,reizi mēnesī
"TVP tīmekļvietņu apmeklējuma statistika, apkopojums",Valsts kanceleja,2021-04-06,2026-04-07,reizi mēnesī
Latvija.gov.lv lietotāju skaits,Valsts digitālās attīstības aģentūra,2020-04-14,2026-03-31,reizi mēnesī
Importa muitas deklarācijas pasta sūtījumiem ar īpaši samazinātu datu kopu,Valsts ieņēmumu dienests,2022-09-07,2026-03-24,reizi mēnesī
TIR karnetes,Valsts ieņēmumu dienests,2022-09-07,2026-03-24,reizi mēnesī
Vienkāršotā importa muitas deklarācija pasta sūtījumiem,Valsts ieņēmumu dienests,2022-09-07,2026-03-24,reizi mēnesī
Muitā noformētās deklarācijas,Valsts ieņēmumu dienests,2019-03-14,2026-03-24,reizi mēnesī
Deklarētās preces,Valsts ieņēmumu dienests,2019-03-14,2026-03-24,reizi mēnesī
Aprēķinātie muitas administrējamie maksājumi,Valsts ieņēmumu dienests,2019-03-14,2026-03-24,reizi mēnesī
Uz robežas deklarētie skaidras naudas līdzekļi,Valsts ieņēmumu dienests,2018-11-28,2026-03-24,reizi mēnesī
Lapas no kurām ienākts portālā Latvija.gov.lv,Valsts digitālās attīstības aģentūra,2020-04-14,2026-03-13,reizi mēnesī
Latvija.gov.lv skatījumu ģeolokācija,Valsts digitālās attīstības aģentūra,2020-04-14,2026-03-13,reizi mēnesī
Valsts un pašvaldību sektora ceturkšņa finanšu dati,Valsts kase,2024-06-14,2026-03-09,reizi trīs mēnešos
Augu šķirņu saimniecisko īpašību novērtēšanas rezultāti (pa veikšanas gadiem),Valsts augu aizsardzības dienests,2021-03-09,2026-03-04,reizi gadā
Akreditēto institūciju datu bāze,Latvijas Nacionālais akreditācijas birojs,2022-08-22,2026-03-04,pastāvīgi
Valsts tiešās pārvaldes iestāžu amatu sadalījums pēc Amatu kataloga klasifikācijas,Valsts kanceleja,2021-12-21,2026-02-18,reizi pusgadā
Valsts pārvaldes iestāžu amatu un nodarbināto statistika,Valsts kanceleja,2021-12-22,2026-02-18,reizi pusgadā
Valsts budžets,Finanšu ministrija,2018-07-05,2026-02-05,reizi gadā
Bioloģiskās lauksaimniecības sēklu datubāzes piedāvājumu kopsavilkums,Valsts augu aizsardzības dienests,2021-01-24,2026-01-19,reizi gadā
Izpildīto depozīta maksājumu statistika,Iepirkumu uzraudzības birojs,2019-03-01,2026-01-19,reizi gadā
Konvencionālā pavairojamā materiāla izmantošana bioloģiskajā lauksaimniecībā...,Valsts augu aizsardzības dienests,2021-01-19,2026-01-15,reizi gadā
Vidējās darījumu cenas dzīvokļiem,Valsts zemes dienests,2021-11-22,2025-09-15,reizi pusgadā
Statistika par VISS datu apmaiņām,Valsts digitālās attīstības aģentūra,2020-04-09,2025-04-03,katru dienu
Publisko iepirkumu likuma publikāciju rādītāji - ceturkšņi,Iepirkumu uzraudzības birojs,2018-09-18,2025-03-03,reizi trīs mēnešos
"Pasūtītāju finansēto projektu statistika - ceturkšņi, gadi",Iepirkumu uzraudzības birojs,2018-09-12,2025-03-03,reizi trīs mēnešos
Aizsardzības un drošības jomas iepirkumu likuma publikāciju rādītāji - ceturkšņi,Iepirkumu uzraudzības birojs,2017-09-25,2025-03-03,reizi trīs mēnešos
Sabiedrisko pakalpojumu sniedzēju iepirkumu likuma publikāciju rādītāji - ceturkšņi,Iepirkumu uzraudzības birojs,2017-09-21,2025-03-03,reizi trīs mēnešos
Publiskās un privātās partnerības likuma publikāciju rādītāji - ceturkšņi,Iepirkumu uzraudzības birojs,2018-10-16,2025-03-03,reizi trīs mēnešos
Aizsardzības un drošības jomas iepirkumu likuma pārskati Eiropas Komisijai,Iepirkumu uzraudzības birojs,2017-07-20,2025-03-03,reizi gadā
"Pārtikas produktu piegādes līgumi, piemērojot vides kritēriju prasības",Iepirkumu uzraudzības birojs,2018-09-17,2025-01-24,reizi trīs mēnešos
CPV klasifikators,Iepirkumu uzraudzības birojs,2018-07-24,2024-12-20,neregulāri
"Publikācijas, iepirkumi",Iepirkumu uzraudzības birojs,2017-09-13,2024-12-20,katru dienu
Iepirkumu uzvarētāju valstiskā piederība no zemo vai beznodokļu zonām,Iepirkumu uzraudzības birojs,2018-09-07,2024-10-28,reizi gadā
Iepirkumu publikāciju statistika par piegādātāju valstisko piederību,Iepirkumu uzraudzības birojs,2018-09-14,2024-10-28,reizi gadā
Publisko iepirkumu publikāciju rādītāji - gadi,Iepirkumu uzraudzības birojs,2018-09-20,2024-10-28,reizi gadā
Iepirkumu publikāciju statistika par vides aizsardzības prasībām,Iepirkumu uzraudzības birojs,2018-09-14,2024-10-28,reizi gadā
Publisko iepirkumu likuma publikāciju rādītāji - TOP,Iepirkumu uzraudzības birojs,2017-09-25,2024-10-28,reizi trīs mēnešos
Oficiālās statistikas portāls,Centrālā statistikas pārvalde,2018-01-26,2024-08-19,pastāvīgi
Eiropas Komisijas pārraudzības ziņojumi,Iepirkumu uzraudzības birojs,2018-04-18,2024-07-03,reizi trīs gados
Publisko iepirkumu likuma pārskati,Iepirkumu uzraudzības birojs,2017-06-07,2024-06-07,reizi gadā
Sabiedrisko pakalpojumu sniedzēju iepirkumu likuma pārskati,Iepirkumu uzraudzības birojs,2017-07-14,2024-06-07,reizi gadā
Aizsardzības un drošības jomas iepirkumu likuma pārskati,Iepirkumu uzraudzības birojs,2017-08-29,2024-06-07,reizi gadā
Pakalpojumu kataloga pakalpojumu skaits iestāžu griezumā,Valsts digitālās attīstības aģentūra,2020-04-14,2024-01-18,reizi mēnesī
14. Saeimas vēlēšanas sv2022,Centrālā vēlēšanu komisija,2023-03-07,2023-03-08,nekad
Meža zemju īpašnieku zemes vienību ģeotelpiskie dati,AS “Latvijas valsts meži”,2017-09-12,2023-02-01,reizi nedēļā
Iestāžu mobilās lietotnes,Vides aizsardzības un reģionālās attīstības ministrija,2020-09-17,2023-01-13,reizi gadā
Valsts informācijas sistēmu reģistrs (vēsturiskie dati par 2019. gadu),Vides aizsardzības un reģionālās attīstības ministrija,2017-07-12,2023-01-13,nekad
Valsts informācijas sistēmu reģistrs - slēgtās sistēmas (vēsturiskie dati...,Vides aizsardzības un reģionālās attīstības ministrija,2018-02-26,2023-01-13,nekad
Latvijas PSR Augstākās Padomes/Latvijas Republikas Augstākās Padomes sēžu...,Latvijas Nacionālais arhīvs,2022-12-13,2022-12-13,neregulāri
Latvijas Valsts Prezidenta kancelejas video kolekcija (1994-2015),Latvijas Nacionālais arhīvs,2022-12-08,2022-12-12,neregulāri
Latvijas Republikas Saeimas video kolekcija (1995-2006),Latvijas Nacionālais arhīvs,2022-12-08,2022-12-12,neregulāri
Valsts fondēto pensiju shēma,Valsts sociālās apdrošināšanas aģentūra,2018-09-18,2022-06-28,reizi mēnesī
"Valsts informācijas sistēmas, valsts informācijas resursi un IKT...",Vides aizsardzības un reģionālās attīstības ministrija,2020-09-02,2022-05-11,reizi mēnesī
VSAA administrētās pensijas un pabalsti,Valsts sociālās apdrošināšanas aģentūra,2018-09-18,2022-02-15,reizi mēnesī
VPVKAC klientu aptauju datufaili,Vides aizsardzības un reģionālās attīstības ministrija,2018-01-31,2022-02-11,reizi gadā
Valsts iestāžu un pašvaldību e-indekss,Vides aizsardzības un reģionālās attīstības ministrija,2018-01-31,2022-02-11,neregulāri
Valsts iestāžu pakalpojumu vērtējums: Latvijas iedzīvotāju aptauju datufaili,Vides aizsardzības un reģionālās attīstības ministrija,2018-02-05,2022-02-11,reizi gadā
Rīgas pašvaldības finansējuma izlietojums skolēnu ēdināšanai,Rīgas dome,2017-08-03,2021-08-27,katru dienu
Iestāžu tīmekļvietnes,Vides aizsardzības un reģionālās attīstības ministrija,2020-09-17,2020-09-17,reizi gadā
EIROPAS PARLAMENTA VĒLĒŠANAS 2019,Centrālā vēlēšanu komisija,2020-06-10,2020-06-10,nekad
Valsts informācijas sistēmas VIRSIS IKT pārvaldības terminu saraksts,Vides aizsardzības un reģionālās attīstības ministrija,2019-10-29,2020-05-12,reizi mēnesī
Valsts iestāžu ERAF IKT projektu ietvaros publicējamo datu kopu saraksts,Vides aizsardzības un reģionālās attīstības ministrija,2017-11-29,2020-02-11,nekad
Vides aizsardzības un reģionālās attīstības ministrijas finanšu kontroles...,Vides aizsardzības un reģionālās attīstības ministrija,2020-01-24,2020-02-10,reizi gadā
Eiropas Savienības struktūrfondu un Kohēzijas fonda 2007. – 2013. gada...,Finanšu ministrija,2018-07-05,2019-10-07,katru dienu
Eiropas Savienības struktūrfondu un Kohēzijas fonda 2014. – 2020. gada...,Finanšu ministrija,2018-07-05,2019-10-07,katru dienu
Domes sēžu darba kārtības,Olaines novada pašvaldība,2019-04-30,2019-05-03,reizi mēnesī
13.Saeimas vēlēšanas,Centrālā vēlēšanu komisija,2019-02-19,2019-02-19,nekad
2011. gada tautas nobalsošanas par 10.Saeimas atlaišanu rezultāti,Centrālā vēlēšanu komisija,2019-02-04,2019-02-04,nekad
2012. gada tautas nobalsošanas par likumprojekta “Grozījumi Latvijas...,Centrālā vēlēšanu komisija,2019-02-04,2019-02-04,nekad
2017. gada republikas pilsētas domes un novada domes vēlēšanu rezultāti un...,Centrālā vēlēšanu komisija,2018-06-26,2018-06-26,nekad
2014. gada 12.Saeimas vēlēšanu rezultāti un vēlētāju aktivitāte,Centrālā vēlēšanu komisija,2018-06-26,2018-06-26,nekad
